instances,instance_hardness
1,0.52
2,0.4
3,0.43000000000000005
4,0.45999999999999996
5,0.71
6,0.30000000000000004
7,0.45999999999999996
8,0.62
9,0.7
10,0.32999999999999996
11,0.47
12,0.91
13,0.6799999999999999
14,0.51
15,0.78
16,0.30000000000000004
17,0.79
18,0.89
19,0.6699999999999999
20,0.62
21,0.48
22,0.43999999999999995
23,0.62
24,0.5
25,0.51
26,0.73
27,0.6799999999999999
28,0.52
29,0.6799999999999999
