instances,instance_hardness
1,0.24
2,0.37
3,0.91
4,0.47
5,0.08999999999999997
6,0.54
7,0.31999999999999995
8,0.040000000000000036
