instances,feature_F3,algo_random_forest
1,0.352733023555392,0.2744368457017603
2,0.4302033492822966,0.4620354595965587
3,0.5134836427939876,2.4079456086518722
4,0.5552740547019723,0.6348782724359695
5,0.35202687284152406,0.09431067947124129
6,0.3605845798006501,0.7765287894989963
7,0.4376086234276082,0.3856624808119846
8,0.36827678496163613,0.040821994520255166
