instances,instance_hardness
1,0.35
2,0.29000000000000004
3,0.26
4,0.35
5,0.96
6,0.06000000000000005
7,0.39
8,0.17000000000000004
