instances,feature_F3,algo_random_forest
1,0.5182539682539683,0.4307829160924542
2,0.3997405178345967,0.342490308946776
3,0.5714348324273959,0.3011050927839216
4,0.4523526544098888,0.4307829160924542
5,0.5499999999999999,3.2188758248682006
6,0.4695897805636984,0.06187540371808753
7,0.39964380214271233,0.4942963218147801
8,0.5410252782252316,0.18632957819149348
