instances,instance_hardness
1,0.48
2,0.41000000000000003
3,0.89
4,0.72
5,0.49
6,0.25
7,0.22999999999999998
8,0.08999999999999997
