instances,feature_F3,algo_random_forest
1,0.5593961118885591,0.6539264674066639
2,0.6208186241845972,0.527632742082372
3,0.5148634172226689,2.2072749131897207
4,0.6075680264282528,1.2729656758128873
5,0.48842646415918156,0.6733445532637656
6,0.6642535392535391,0.2876820724517809
7,0.6408493802541375,0.2613647641344075
8,0.5666666666666667,0.09431067947124129
