Row,CLD,N2,CL,Usefulness,Harmfulness,N1,LSC,LSR,DS,kDN
z_1,0.0586839716312962,0.18773682303903985,0.22377295596397107,0.24002942285826848,0.1786110738065685,0.39951672004186234,-0.7953311423443483,-0.17188802436086337,0.3888003154554902,-0.1716414609461947
z_2,-0.948171369024385,0.005425894660474109,0.27951103173229047,0.21108877679299762,0.8891895119816267,0.17311008100398584,0.806803830575767,-0.725050591707525,-0.7214473054984829,0.6147825774190476
